ID,Name,Language,Age
3.0,Ashutosh Joshi,Solutions Architect,35.0
7.0,Ashish,.Net,40.0
14.0,Emiko Yamada,Japanese,45.0
17.0,Ahmed Ali,Arabic,30.0
2.0,Kuldeep,SS Engineer,35.0
1.0,Minku,C#,30.0
18.0,Dhoni,English,40.0
19.0,Sachin,Hindi,45.0
20.0,Virat,English,35.0
21.0,Rohit,Marathi,38.0
22.0,Kuldeep,Hindi,30.0
16.0,Sophie Dupont,French,30.0
23.0,Ram,Hindi,50.0
24.0,Rahul,Tamil,36.0
25.0,Gill,Punjabi,22.0
11.0,John,Chinese,50.0
9.0,RahulDravid,English,49.0
10.0,Dame,English,45.0
13.0,Carlos Lopez,German,30.0
1900.0,minku,English,34.0
8.0,LaxmanVVS,English,50.0
